{
  "Timestamp": "2019-03-25T22:28:24.1581692Z",
  "TestResult": {
    "TotalRequests": 47,
    "ThreadCount": 10,
    "FailedRequests": 0,
    "SuccessRequests": 47,
    "RequestsPerSecond": 2.1363636363636363636363636364,
    "AvgRequestTimeMs": 4958.14893617021,
    "MinRequestTimeMs": 4098.0,
    "MaxRequestTimeMs": 6199.0,
    "TimeTakenSecs": 22,
    "ErrorMessages": []
  },
  "UrlSummary": [
    {
      "Url": "GET http://localhost:5000/integratedstaticmessage • questionanswering test",
      "HttpVerb": null,
      "Results": {
        "TotalRequests": 47,
        "ThreadCount": 0,
        "FailedRequests": 0,
        "SuccessRequests": 47,
        "RequestsPerSecond": 2.1363636363636363636363636364,
        "AvgRequestTimeMs": 4958.14893617021,
        "MinRequestTimeMs": 4098.0,
        "MaxRequestTimeMs": 6199.0,
        "TimeTakenSecs": 22,
        "ErrorMessages": []
      }
    }
  ]
}